video_url,video_title,author,comment
https://www.youtube.com/watch?v=havARbP7Fyk,B.Tech - Stand up Comedy By Harsh Gujral - YouTube,,always putting a wide muskaan on our faces
https://www.youtube.com/watch?v=havARbP7Fyk,B.Tech - Stand up Comedy By Harsh Gujral - YouTube,@ManishShukla2304,Funfact : Harsh enjoy his show more than the audience
https://www.youtube.com/watch?v=havARbP7Fyk,B.Tech - Stand up Comedy By Harsh Gujral - YouTube,@user-yo8mo9yl4y,Pta h kuch naya bta
https://www.youtube.com/watch?v=havARbP7Fyk,B.Tech - Stand up Comedy By Harsh Gujral - YouTube,@SherozGaming54,"Future ‚àù  (Hard Work + Smart Work) ‚àù  (Interest + Intelligence) ‚àù Brain
Tell This Everyone"
https://www.youtube.com/watch?v=havARbP7Fyk,B.Tech - Stand up Comedy By Harsh Gujral - YouTube,@AIR-1233,"Bkl, kon hai bhai tu, sham sharma ke video mei bhi 1 hie comment bar bar krta hai, kaam nhi hai tereko?"
https://www.youtube.com/watch?v=havARbP7Fyk,B.Tech - Stand up Comedy By Harsh Gujral - YouTube,@adityapradhan2025,Bro speaks 1.5x at default
https://www.youtube.com/watch?v=havARbP7Fyk,B.Tech - Stand up Comedy By Harsh Gujral - YouTube,@Anime_Kid-Orignals,thats exactly what i was thinking
https://www.youtube.com/watch?v=havARbP7Fyk,B.Tech - Stand up Comedy By Harsh Gujral - YouTube,@ANJALISINGH-yh2yh,And I thought my speed was increased
https://www.youtube.com/watch?v=havARbP7Fyk,B.Tech - Stand up Comedy By Harsh Gujral - YouTube,@happykumar1835,Hmm..Maine check keeya ki normal hai
https://www.youtube.com/watch?v=havARbP7Fyk,B.Tech - Stand up Comedy By Harsh Gujral - YouTube,@Harsh12351,Haan Bhai Maine 1.5x par set Kiya and I was like...Ye kaha bhag raha hai...Dheere karna padha XD
https://www.youtube.com/watch?v=havARbP7Fyk,B.Tech - Stand up Comedy By Harsh Gujral - YouTube,@SumitKumar-uq3dg,"That last line when he says he was in raathi bhati place and another boy came, it really touched. Time circle repeats."
https://www.youtube.com/watch?v=havARbP7Fyk,B.Tech - Stand up Comedy By Harsh Gujral - YouTube,@beardeddragon7438,Abe story ese hi banate hain ye log bhai mere
https://www.youtube.com/watch?v=havARbP7Fyk,B.Tech - Stand up Comedy By Harsh Gujral - YouTube,@V-420,Front camera was epic!
https://www.youtube.com/watch?v=havARbP7Fyk,B.Tech - Stand up Comedy By Harsh Gujral - YouTube,@sohamsahu7641,meaning.....
https://www.youtube.com/watch?v=havARbP7Fyk,B.Tech - Stand up Comedy By Harsh Gujral - YouTube,@ankitraj-mp5mn,@sohamsahu7641  selfie camera ma khud ka face dikk jayega
https://www.youtube.com/watch?v=havARbP7Fyk,B.Tech - Stand up Comedy By Harsh Gujral - YouTube,@user-cp6ky3wg7m,Tu apna dekh
https://www.youtube.com/watch?v=havARbP7Fyk,B.Tech - Stand up Comedy By Harsh Gujral - YouTube,@shibayandey2399,"‡§≠‡§æ‡§à ‡§ñ‡•Å‡§¶ ‡§ï‡•Ä ‡§∂‡§ï‡§≤ ‡§§‡•ã ‡§®‡§π‡•Ä‡§Ç ‡§π‡•à othercountry ‡§∏‡•á date ‡§ï‡§∞‡§®‡§æ ‡§π‡•á poti 
 ‡§∏‡§æ‡§´ ‡§ï‡§∞‡§®‡•á ‡§™‡§∞ ‡§≠‡•Ä ‡§®‡§π‡•Ä‡§Ç ‡§≤‡•á‡§ó‡§æ"
https://www.youtube.com/watch?v=havARbP7Fyk,B.Tech - Stand up Comedy By Harsh Gujral - YouTube,@vizzz8906,@shibayandey2399  joke accha tha prr foreigners in general better dikhte h isme patriotism ghusane ki jarurat nhi h
https://www.youtube.com/watch?v=havARbP7Fyk,B.Tech - Stand up Comedy By Harsh Gujral - YouTube,@arnavdixit314,@vizzz8906  gore or  sharp face me antar hota h sab gora h toh accha ye mentality nikalo
https://www.youtube.com/watch?v=havARbP7Fyk,B.Tech - Stand up Comedy By Harsh Gujral - YouTube,@vizzz8906,@arnavdixit314  lower third well developed hota h foriengers ka in general gore kalle ki baat he nhi h accept it
https://www.youtube.com/watch?v=havARbP7Fyk,B.Tech - Stand up Comedy By Harsh Gujral - YouTube,@ishaan142,"When my man said ""India ke ladko ki bezati nahi sahunga"" my hand automatically clicked the LIKE button."
https://www.youtube.com/watch?v=havARbP7Fyk,B.Tech - Stand up Comedy By Harsh Gujral - YouTube,,Hehehehehehehe
https://www.youtube.com/watch?v=havARbP7Fyk,B.Tech - Stand up Comedy By Harsh Gujral - YouTube,@callmeaj3077,reall
https://www.youtube.com/watch?v=havARbP7Fyk,B.Tech - Stand up Comedy By Harsh Gujral - YouTube,@mohitjauhari,@Harshgujral  ABES EC ghaziabad????
https://www.youtube.com/watch?v=havARbP7Fyk,B.Tech - Stand up Comedy By Harsh Gujral - YouTube,@user-xi9nk4zw9z,Me currently pursuing BBA @mohitjauhari
https://www.youtube.com/watch?v=havARbP7Fyk,B.Tech - Stand up Comedy By Harsh Gujral - YouTube,@yashrox121,Same bro same
https://www.youtube.com/watch?v=havARbP7Fyk,B.Tech - Stand up Comedy By Harsh Gujral - YouTube,@JohnXparxMemeHub,Real
https://www.youtube.com/watch?v=havARbP7Fyk,B.Tech - Stand up Comedy By Harsh Gujral - YouTube,@Navanildey_,@user-xi9nk4zw9z  itna experiment karna tha toh marwari ban jata
https://www.youtube.com/watch?v=havARbP7Fyk,B.Tech - Stand up Comedy By Harsh Gujral - YouTube,@gurparteeksingh7958,Bhai mera comment likh diya
https://www.youtube.com/watch?v=havARbP7Fyk,B.Tech - Stand up Comedy By Harsh Gujral - YouTube,@sam_chesstalks,Mee too then after I read ur comment what a coincidence
https://www.youtube.com/watch?v=havARbP7Fyk,B.Tech - Stand up Comedy By Harsh Gujral - YouTube,@amansaraswat1334,@mohitjauhari kyu bhai tu hai kya abesec se
https://www.youtube.com/watch?v=havARbP7Fyk,B.Tech - Stand up Comedy By Harsh Gujral - YouTube,@RAGNARLOTHBROKKING,"Bhai Speed of Jokes 
 Natural Stand up"
https://www.youtube.com/watch?v=havARbP7Fyk,B.Tech - Stand up Comedy By Harsh Gujral - YouTube,@veenasonawane4180,"100% relatable being a mechanical girl myself !! 
 Engineering is the best way to learn about life the hard way <3 Enjoyed it a lot. Long way to go harsh!!!!"
https://www.youtube.com/watch?v=havARbP7Fyk,B.Tech - Stand up Comedy By Harsh Gujral - YouTube,@NIL_SOPNIL,
https://www.youtube.com/watch?v=havARbP7Fyk,B.Tech - Stand up Comedy By Harsh Gujral - YouTube,@Nishi_Mehta,Same here sis
https://www.youtube.com/watch?v=havARbP7Fyk,B.Tech - Stand up Comedy By Harsh Gujral - YouTube,@tavishShots,
https://www.youtube.com/watch?v=havARbP7Fyk,B.Tech - Stand up Comedy By Harsh Gujral - YouTube,@PoojaMishra-rg3qp,"Harsh being ""HARSH"" to his audience 
...."
https://www.youtube.com/watch?v=havARbP7Fyk,B.Tech - Stand up Comedy By Harsh Gujral - YouTube,@yogeshkumar6085,U r right
https://www.youtube.com/watch?v=havARbP7Fyk,B.Tech - Stand up Comedy By Harsh Gujral - YouTube,@aaradhyagupta07,
https://www.youtube.com/watch?v=havARbP7Fyk,B.Tech - Stand up Comedy By Harsh Gujral - YouTube,@VivekKumar-xj7jw,"Aapne kabhi front camera khola hai
Bhai usko gurde jal gye honge"
https://www.youtube.com/watch?v=havARbP7Fyk,B.Tech - Stand up Comedy By Harsh Gujral - YouTube,@jugajyotisingh2859,"Iska meaning Thoda samajh nhi Aya 
 Kya explain kr sakete ho Thoda plz"
https://www.youtube.com/watch?v=havARbP7Fyk,B.Tech - Stand up Comedy By Harsh Gujral - YouTube,@ordinary_13,@jugajyotisingh2859 Bruh ye mtlb h ki ladki ka face acha nahi h or baat good looking kr kar rahi h
https://www.youtube.com/watch?v=havARbP7Fyk,B.Tech - Stand up Comedy By Harsh Gujral - YouTube,@YuvrajSingh-mg5gs,Fr
https://www.youtube.com/watch?v=havARbP7Fyk,B.Tech - Stand up Comedy By Harsh Gujral - YouTube,@Ari-xb8eu,@jugajyotisingh2859  phone pa front cam sa kya karta hain beta
https://www.youtube.com/watch?v=havARbP7Fyk,B.Tech - Stand up Comedy By Harsh Gujral - YouTube,@parthjalandhra6434,Bhai russian pe  hi bna le video
https://www.youtube.com/watch?v=havARbP7Fyk,B.Tech - Stand up Comedy By Harsh Gujral - YouTube,@SherozGaming54,"Future ‚àù  (Hard Work + Smart Work) ‚àù  (Interest + Intelligence) ‚àù Brain
Tell This Everyone"
https://www.youtube.com/watch?v=havARbP7Fyk,B.Tech - Stand up Comedy By Harsh Gujral - YouTube,@jugajyotisingh2859,"@ordinary_13  
 thanks"
https://www.youtube.com/watch?v=havARbP7Fyk,B.Tech - Stand up Comedy By Harsh Gujral - YouTube,@justmebruh483,@SherozGaming54  guruji kaha thee aap
https://www.youtube.com/watch?v=havARbP7Fyk,B.Tech - Stand up Comedy By Harsh Gujral - YouTube,@PropertypanditKushMishra,‡§µ‡§æ‡§∏‡•ç‡§§‡§µ‡§ø‡§ï ‡§ú‡•Ä‡§µ‡§® ‡§ï‡•Ä ‡§µ‡§æ‡§∏‡•ç‡§§‡§µ‡§ø‡§ï ‡§ï‡•â‡§Æ‡•á‡§°‡•Ä ‡§π‡•à ‡§∂‡§æ‡§®‡§¶‡§æ‡§∞ ‡§ï‡•â‡§Æ‡•á‡§°‡•Ä.... ‡§á‡§Ç‡§ú‡•Ä‡§®‡§ø‡§Ø‡§∞‡§ø‡§Ç‡§ó ‡§ï‡•Ä ‡§µ‡§æ‡§∏‡•ç‡§§‡§µ‡§ø‡§ï ‡§∏‡•ç‡§•‡§ø‡§§‡§ø‡§Ø‡•ã‡§Ç ‡§ï‡•á ‡§∏‡§æ‡§•
https://www.youtube.com/watch?v=havARbP7Fyk,B.Tech - Stand up Comedy By Harsh Gujral - YouTube,@vaibhavpandit2164,Best ever stand up of harsh gujral
https://www.youtube.com/watch?v=havARbP7Fyk,B.Tech - Stand up Comedy By Harsh Gujral - YouTube,@nehasiby1450,"Harsh and bassi are like chai and parle-g biscuit 
They go good together 
 4:54"
https://www.youtube.com/watch?v=havARbP7Fyk,B.Tech - Stand up Comedy By Harsh Gujral - YouTube,@HonestFeedback-gy8hu,"ya right saste, tasteless and boring"
https://www.youtube.com/watch?v=havARbP7Fyk,B.Tech - Stand up Comedy By Harsh Gujral - YouTube,@TheAkbar27,"Flight Attendent ka to jahaj 
Ô∏è hi bana diya
  Complete fun ride for 16 mins &16 secs"
https://www.youtube.com/watch?v=havARbP7Fyk,B.Tech - Stand up Comedy By Harsh Gujral - YouTube,@paras.solanki.,"Ha whi
...mja aagya cool bn rhi thi jyada"
https://www.youtube.com/watch?v=havARbP7Fyk,B.Tech - Stand up Comedy By Harsh Gujral - YouTube,@parthshukla4377,1+6=7 thala for reason
https://www.youtube.com/watch?v=havARbP7Fyk,B.Tech - Stand up Comedy By Harsh Gujral - YouTube,@MegaRadhamadhav,Set up ...hota hai ...paid audience ....
https://www.youtube.com/watch?v=havARbP7Fyk,B.Tech - Stand up Comedy By Harsh Gujral - YouTube,@kartiksahrawatIITb2024,bhaii vo toh jahaj bnn gyi pr tuu suicide bomb mat bnn jaaio
https://www.youtube.com/watch?v=havARbP7Fyk,B.Tech - Stand up Comedy By Harsh Gujral - YouTube,@SherozGaming54,"Future ‚àù  (Hard Work + Smart Work) ‚àù  (Interest + Intelligence) ‚àù Brain
Tell This Everyone"
https://www.youtube.com/watch?v=havARbP7Fyk,B.Tech - Stand up Comedy By Harsh Gujral - YouTube,@kartiksahrawatIITb2024,@SherozGaming54  why?
https://www.youtube.com/watch?v=havARbP7Fyk,B.Tech - Stand up Comedy By Harsh Gujral - YouTube,@mdfaisal4227,@kartiksahrawatIITb2024
https://www.youtube.com/watch?v=havARbP7Fyk,B.Tech - Stand up Comedy By Harsh Gujral - YouTube,@saurabhbutolauttarakhand4975,"‡§Ø‡•á students k liye ek ‡§´‡•ç‡§∞‡•á‡§∂‡§Æ‡•á‡§Ç‡§ü h 
 mjaa aa gya"
https://www.youtube.com/watch?v=havARbP7Fyk,B.Tech - Stand up Comedy By Harsh Gujral - YouTube,@RabadaSujitRao,Tomorrow is my college  exam..And i  watching this For stress free.... super bro
https://www.youtube.com/watch?v=havARbP7Fyk,B.Tech - Stand up Comedy By Harsh Gujral - YouTube,@Zydres_Impaler,"Same here bro, Automata externals"
https://www.youtube.com/watch?v=havARbP7Fyk,B.Tech - Stand up Comedy By Harsh Gujral - YouTube,@Hrishikesh.35,"Aapne kabhi front camera khola haiii 
 THIS LINE BHAAIIII"
https://www.youtube.com/watch?v=havARbP7Fyk,B.Tech - Stand up Comedy By Harsh Gujral - YouTube,@subhammarak,That was personal
https://www.youtube.com/watch?v=havARbP7Fyk,B.Tech - Stand up Comedy By Harsh Gujral - YouTube,@SamHemsworth,Bhai iska mtlb kya hota h
https://www.youtube.com/watch?v=havARbP7Fyk,B.Tech - Stand up Comedy By Harsh Gujral - YouTube,@StopLooking_Here,@SamHemsworth  Matlab dusro ko badsurat  bolne se pehle khudki shakal dheklo. (He was implying the girl was not attractive either)
https://www.youtube.com/watch?v=havARbP7Fyk,B.Tech - Stand up Comedy By Harsh Gujral - YouTube,@SamHemsworth,@StopLooking_Here  thnx dude
https://www.youtube.com/watch?v=havARbP7Fyk,B.Tech - Stand up Comedy By Harsh Gujral - YouTube,@crystalstudys1579,Mai to nahi suntii
https://www.youtube.com/watch?v=havARbP7Fyk,B.Tech - Stand up Comedy By Harsh Gujral - YouTube,@MrTheshishir,@crystalstudys1579 suna na fir bhi!
https://www.youtube.com/watch?v=havARbP7Fyk,B.Tech - Stand up Comedy By Harsh Gujral - YouTube,@Hrishikesh.35,@crystalstudys1579  Harsh Bhai has no filter
https://www.youtube.com/watch?v=havARbP7Fyk,B.Tech - Stand up Comedy By Harsh Gujral - YouTube,@suryanshsingh3056,Bhai ne kehke le li
https://www.youtube.com/watch?v=havARbP7Fyk,B.Tech - Stand up Comedy By Harsh Gujral - YouTube,@all-rounderencyclopedia6972,Aapne kabhi front camera khola hai ? Was littttt
https://www.youtube.com/watch?v=havARbP7Fyk,B.Tech - Stand up Comedy By Harsh Gujral - YouTube,@garvpandey3339,iska matlab kya tha
https://www.youtube.com/watch?v=havARbP7Fyk,B.Tech - Stand up Comedy By Harsh Gujral - YouTube,@sumanmondal8819,@garvpandey3339  matlab khud ka sakal dekhi hai. Yea bolna cha rahe
https://www.youtube.com/watch?v=havARbP7Fyk,B.Tech - Stand up Comedy By Harsh Gujral - YouTube,@Vanshyadav36466,0:14 0:15 0:16 0:16 0:16
https://www.youtube.com/watch?v=havARbP7Fyk,B.Tech - Stand up Comedy By Harsh Gujral - YouTube,@nirmalsudan,Fantastic-Original and not like others who just keep asking the audience questions
https://www.youtube.com/watch?v=havARbP7Fyk,B.Tech - Stand up Comedy By Harsh Gujral - YouTube,@mayank3087,"You have come a long way bro !!! Keep it up , loved it"
https://www.youtube.com/watch?v=havARbP7Fyk,B.Tech - Stand up Comedy By Harsh Gujral - YouTube,@SiddhiJain1005,the similarity between Vicky kaushal and harsh is both of them are engineers and can understand the pain
https://www.youtube.com/watch?v=havARbP7Fyk,B.Tech - Stand up Comedy By Harsh Gujral - YouTube,@trivenijadhav3678,Bassi ne law ki hai bhai
https://www.youtube.com/watch?v=havARbP7Fyk,B.Tech - Stand up Comedy By Harsh Gujral - YouTube,@shreenathsalat2752,Abey ghanta similar Vicky k pass Katrina Kaif he.
https://www.youtube.com/watch?v=havARbP7Fyk,B.Tech - Stand up Comedy By Harsh Gujral - YouTube,@parthbhoraskar7690,4:41 bro killed it
https://www.youtube.com/watch?v=havARbP7Fyk,B.Tech - Stand up Comedy By Harsh Gujral - YouTube,@TheRana48,"This is called actual real stand-up comedy,no any abusive words, on any jokes on his audience, no disrespectful any public. The video is full of joy"
https://www.youtube.com/watch?v=havARbP7Fyk,B.Tech - Stand up Comedy By Harsh Gujral - YouTube,@Siddharth_rauthanofficial,"I think you didn't paid attention, he was disrespectful to the audience like many comedians, asking people what company do they work for, then making fun of them by every way possible. This is sick"
https://www.youtube.com/watch?v=havARbP7Fyk,B.Tech - Stand up Comedy By Harsh Gujral - YouTube,@johnnypatrick.t6521,Wow! one of the best stand up comics i really enjoyed
https://www.youtube.com/watch?v=havARbP7Fyk,B.Tech - Stand up Comedy By Harsh Gujral - YouTube,@vedantm0809,"1:00 
Ô∏è‚Äç
 Dil Jeet Liya Bhai Ne"
https://www.youtube.com/watch?v=havARbP7Fyk,B.Tech - Stand up Comedy By Harsh Gujral - YouTube,@arnavkumar2933,tru
https://www.youtube.com/watch?v=havARbP7Fyk,B.Tech - Stand up Comedy By Harsh Gujral - YouTube,@MOHIT_RAJPUTT,"11:20 Miss Harsh gujral daughter of Babli lal Gujral 
Whole 16 mins were on different trip 
Harsh Gujral"
https://www.youtube.com/watch?v=havARbP7Fyk,B.Tech - Stand up Comedy By Harsh Gujral - YouTube,@samriddhidubey311,"Congratulations for your first tv show
I‚Äôm watching it just because of you 
Ô∏è
Ô∏è"
https://www.youtube.com/watch?v=havARbP7Fyk,B.Tech - Stand up Comedy By Harsh Gujral - YouTube,@sakshisharma-qf5cb,Earthquake aaya hai ...uper he bulale Bhai ..was epic
https://www.youtube.com/watch?v=havARbP7Fyk,B.Tech - Stand up Comedy By Harsh Gujral - YouTube,@aayushkalra4933,I thought ‚Äòfull conversation‚Äô of the ‚Äòfront camera‚Äô would be shown but the entire show went everywhere else. But amazing
https://www.youtube.com/watch?v=havARbP7Fyk,B.Tech - Stand up Comedy By Harsh Gujral - YouTube,@as9499,There was only a single reference to that later on
https://www.youtube.com/watch?v=havARbP7Fyk,B.Tech - Stand up Comedy By Harsh Gujral - YouTube,@deepanshushukla303,"what was the meaning of ""front camera"".. i didn't understand"
https://www.youtube.com/watch?v=havARbP7Fyk,B.Tech - Stand up Comedy By Harsh Gujral - YouTube,@obitouchiha5059,@deepanshushukla303 he wanted to say that ki skl dekhi h kbhi apni
https://www.youtube.com/watch?v=havARbP7Fyk,B.Tech - Stand up Comedy By Harsh Gujral - YouTube,@deepanshushukla303,@obitouchiha5059 OMG!! Awesome
https://www.youtube.com/watch?v=havARbP7Fyk,B.Tech - Stand up Comedy By Harsh Gujral - YouTube,@gamingwala9815,"Front camera was epic
Pait pakad ke hasa hu"
https://www.youtube.com/watch?v=havARbP7Fyk,B.Tech - Stand up Comedy By Harsh Gujral - YouTube,@YashPatel-fq7wu,Front camera smj ni aya  bta yr
https://www.youtube.com/watch?v=havARbP7Fyk,B.Tech - Stand up Comedy By Harsh Gujral - YouTube,@ShravanAwala09,Same bhai
https://www.youtube.com/watch?v=havARbP7Fyk,B.Tech - Stand up Comedy By Harsh Gujral - YouTube,@ram.4658.,@YashPatel-fq7wu matlab ki vo badsurat hai
https://www.youtube.com/watch?v=havARbP7Fyk,B.Tech - Stand up Comedy By Harsh Gujral - YouTube,@rajnichawla3594,Bored
https://www.youtube.com/watch?v=havARbP7Fyk,B.Tech - Stand up Comedy By Harsh Gujral - YouTube,@ram.4658.,"@rajnichawla3594  finally kisi to to laga ....

Don't you think the jokes are quite overrated?
 and offensive as well?"
https://www.youtube.com/watch?v=havARbP7Fyk,B.Tech - Stand up Comedy By Harsh Gujral - YouTube,@RISUPANDEY,@YashPatel-fq7wu kudh ko dekhne bol rha tha wo muskaan ko
https://www.youtube.com/watch?v=havARbP7Fyk,B.Tech - Stand up Comedy By Harsh Gujral - YouTube,@drishitarishi299,"i love your performance am at my work in opera house sydney enjoying your videos. 
lover you from sydney"
https://www.youtube.com/watch?v=havARbP7Fyk,B.Tech - Stand up Comedy By Harsh Gujral - YouTube,@rjyfk67lo97,Apne kabhi front camera khola hai...that was the best line of the act..!!! Incredible
https://www.youtube.com/watch?v=havARbP7Fyk,B.Tech - Stand up Comedy By Harsh Gujral - YouTube,@harshv_sr,"My name is Harsh and. My JEE  rank was 6L+ . Now I am in IIT indore as security guard. 

Harsh bhai apse Jayda rank thi meri, cheers"
https://www.youtube.com/watch?v=havARbP7Fyk,B.Tech - Stand up Comedy By Harsh Gujral - YouTube,@Pvt.badal123,
https://www.youtube.com/watch?v=havARbP7Fyk,B.Tech - Stand up Comedy By Harsh Gujral - YouTube,@Benzene42,Bhai mai bhi aa jau kya
https://www.youtube.com/watch?v=havARbP7Fyk,B.Tech - Stand up Comedy By Harsh Gujral - YouTube,@German_shepherdOP,"Same but m defence academy m guard
Sath m govt job ki preparation bhi kar reha  cheers"
https://www.youtube.com/watch?v=havARbP7Fyk,B.Tech - Stand up Comedy By Harsh Gujral - YouTube,@gj_kings,Aba
https://www.youtube.com/watch?v=havARbP7Fyk,B.Tech - Stand up Comedy By Harsh Gujral - YouTube,@Sumirevins,Mera 1.5 lakhs thi. TCS main 3.2 lakhs per annum ki job
https://www.youtube.com/watch?v=havARbP7Fyk,B.Tech - Stand up Comedy By Harsh Gujral - YouTube,@somnathghosh3544,Bhi guard ki naukri iit main kaise lagi mujhe v bataw jara
https://www.youtube.com/watch?v=havARbP7Fyk,B.Tech - Stand up Comedy By Harsh Gujral - YouTube,@user-hx4sf7xv5d,Meri to 2 lakh rank thi lekin par btech me admission hi nahi karwaya
https://www.youtube.com/watch?v=havARbP7Fyk,B.Tech - Stand up Comedy By Harsh Gujral - YouTube,@kushagrasrivastava9403,Bhai profile konsii @Sumirevins
https://www.youtube.com/watch?v=havARbP7Fyk,B.Tech - Stand up Comedy By Harsh Gujral - YouTube,@rsrvlogs21,"Bhai itna maja ata he ki , bas video dekhte rahe or haste rahe but video khatam na ho 
 love you bro"
https://www.youtube.com/watch?v=havARbP7Fyk,B.Tech - Stand up Comedy By Harsh Gujral - YouTube,@jaihind1538,"@Harshgujral 
Good one Harsh. 
Kindly make one such for Hotel Management graduates also ""unki bhi nadee bahee thi in early 2000, commonwealth games, F1 race, IPL etc"" ‡§π‡§æ ‡§π‡§æ ‡§π‡§æ !"
https://www.youtube.com/watch?v=havARbP7Fyk,B.Tech - Stand up Comedy By Harsh Gujral - YouTube,@sanjaywagh1209,Simply AMAZING Harsh Bhai  !!
https://www.youtube.com/watch?v=havARbP7Fyk,B.Tech - Stand up Comedy By Harsh Gujral - YouTube,@abhinaba_pal,"Probably, the first I loved the way you dealt with that self-approved Flight Attendant"
https://www.youtube.com/watch?v=havARbP7Fyk,B.Tech - Stand up Comedy By Harsh Gujral - YouTube,@gamertennyson4010,Kal physics ka boards hai
https://www.youtube.com/watch?v=havARbP7Fyk,B.Tech - Stand up Comedy By Harsh Gujral - YouTube,@kushagrachauhan8070,@gamertennyson4010 good luck
https://www.youtube.com/watch?v=havARbP7Fyk,B.Tech - Stand up Comedy By Harsh Gujral - YouTube,@gamertennyson4010,@kushagrachauhan8070   thanks waise ho gya tha Mein to mind fresh karne keiye dekh rha tha
https://www.youtube.com/watch?v=havARbP7Fyk,B.Tech - Stand up Comedy By Harsh Gujral - YouTube,@gvenkatshyamsunder6860,Pyar aur Paisa dono nhi hai engineers ke pass :  dil ko chu liya bhai
https://www.youtube.com/watch?v=havARbP7Fyk,B.Tech - Stand up Comedy By Harsh Gujral - YouTube,@Sa_STATUS1508,
https://www.youtube.com/watch?v=havARbP7Fyk,B.Tech - Stand up Comedy By Harsh Gujral - YouTube,@user-eq1zu7ej5t,Private colleges se kiye ho kya??
https://www.youtube.com/watch?v=havARbP7Fyk,B.Tech - Stand up Comedy By Harsh Gujral - YouTube,@Vivek_Patil754,lagta hai bhai private college se hai
https://www.youtube.com/watch?v=havARbP7Fyk,B.Tech - Stand up Comedy By Harsh Gujral - YouTube,@gvenkatshyamsunder6860,"Nhi bhai Autonomous university se. 
Aur aap sab iit se ho sayad."
https://www.youtube.com/watch?v=havARbP7Fyk,B.Tech - Stand up Comedy By Harsh Gujral - YouTube,@ARNABPACHAL-ht9nd,"lag to aisa hi raha hai private college se ho
app nehi to aise nehi bolte"
https://www.youtube.com/watch?v=havARbP7Fyk,B.Tech - Stand up Comedy By Harsh Gujral - YouTube,@Tanishkavarshney-lt2cm,AMU se btech krna acha hain
https://www.youtube.com/watch?v=havARbP7Fyk,B.Tech - Stand up Comedy By Harsh Gujral - YouTube,@harshraithatha4701,"15:52 gajab feeling hoti hai bhaii yeh valii
great video bhai great.. love and respect bhai
 
coz khali love comment kiya to comment ke reply me ""gay"" bol doge aap"
https://www.youtube.com/watch?v=havARbP7Fyk,B.Tech - Stand up Comedy By Harsh Gujral - YouTube,@mddilkash3877,Best line india ke ladkon ki beizzati nhi sahunga
https://www.youtube.com/watch?v=havARbP7Fyk,B.Tech - Stand up Comedy By Harsh Gujral - YouTube,@hsteop,5:42 Sushant Singh Rajput Top AIEEE with Rank 7
https://www.youtube.com/watch?v=havARbP7Fyk,B.Tech - Stand up Comedy By Harsh Gujral - YouTube,@shooter2563,
https://www.youtube.com/watch?v=havARbP7Fyk,B.Tech - Stand up Comedy By Harsh Gujral - YouTube,@naman_zord861,thala for a reason
https://www.youtube.com/watch?v=havARbP7Fyk,B.Tech - Stand up Comedy By Harsh Gujral - YouTube,@CommentWalla,@shooter2563   WHATS FUNNy IN IT?
https://www.youtube.com/watch?v=havARbP7Fyk,B.Tech - Stand up Comedy By Harsh Gujral - YouTube,@shooter2563,@CommentWalla  that who didn't pass they also suicide
https://www.youtube.com/watch?v=havARbP7Fyk,B.Tech - Stand up Comedy By Harsh Gujral - YouTube,@devanshuyadav3745,@shooter2563 damn thats dark
https://www.youtube.com/watch?v=havARbP7Fyk,B.Tech - Stand up Comedy By Harsh Gujral - YouTube,@deekshabisht3279,In lockdown publish his news without any reason and show land on space wtf
https://www.youtube.com/watch?v=havARbP7Fyk,B.Tech - Stand up Comedy By Harsh Gujral - YouTube,@i_cant_hear_a_word_you_say,@deekshabisht3279  I liked you English
https://www.youtube.com/watch?v=havARbP7Fyk,B.Tech - Stand up Comedy By Harsh Gujral - YouTube,@amaharsh,"172 likes on this comment, i'll feed a hungry man."
https://www.youtube.com/watch?v=havARbP7Fyk,B.Tech - Stand up Comedy By Harsh Gujral - YouTube,@vipulvashishtha4971,fully entertainer....hit the nostalgia of college days...
https://www.youtube.com/watch?v=havARbP7Fyk,B.Tech - Stand up Comedy By Harsh Gujral - YouTube,@nitinkapoor72791,0:57 bhai ek dil kitni baar jeetoge
https://www.youtube.com/watch?v=havARbP7Fyk,B.Tech - Stand up Comedy By Harsh Gujral - YouTube,@PurusharthAttrish,That ‚ÄúSorry‚Äù by Gujral was devastating for Muskaan !!
https://www.youtube.com/watch?v=havARbP7Fyk,B.Tech - Stand up Comedy By Harsh Gujral - YouTube,@satadrumajumder479,Whole stand up is epic
https://www.youtube.com/watch?v=havARbP7Fyk,B.Tech - Stand up Comedy By Harsh Gujral - YouTube,@sachinparihar8582,Huge respect to harsh bhai bassi bhai. And thank you for all the laughter
https://www.youtube.com/watch?v=havARbP7Fyk,B.Tech - Stand up Comedy By Harsh Gujral - YouTube,@ManishShukla2304,A 16 min Harsh Gujral standup is what I needed as a semester break entertainment
https://www.youtube.com/watch?v=havARbP7Fyk,B.Tech - Stand up Comedy By Harsh Gujral - YouTube,@SherozGaming54,"Future ‚àù  (Hard Work + Smart Work) ‚àù  (Interest + Intelligence) ‚àù Brain
Tell This Everyone"
https://www.youtube.com/watch?v=havARbP7Fyk,B.Tech - Stand up Comedy By Harsh Gujral - YouTube,@chiragdusad2015,Ye konsa semester break h bhai jo March me ho rha h
https://www.youtube.com/watch?v=havARbP7Fyk,B.Tech - Stand up Comedy By Harsh Gujral - YouTube,@entertainvicky457,"They say ""Love your work""
Harsh is best example of that muhavra"
https://www.youtube.com/watch?v=havARbP7Fyk,B.Tech - Stand up Comedy By Harsh Gujral - YouTube,@AdityaSharma-rg1zn,"""Front camera khola hai"" that was personal....."
https://www.youtube.com/watch?v=havARbP7Fyk,B.Tech - Stand up Comedy By Harsh Gujral - YouTube,@linaadhikari07,"Aare yaar maza aagya kya hi comedy hai harshu mai yeh sochti hu tumko khud hashi nahi aaati stage per 
 yah control level aacha hai sayad"
https://www.youtube.com/watch?v=havARbP7Fyk,B.Tech - Stand up Comedy By Harsh Gujral - YouTube,@vanshmaheshwari8094,"Love the fact how he maneouvered the story to complete a full cycle ""40 lo, abhi do
"""
https://www.youtube.com/watch?v=havARbP7Fyk,B.Tech - Stand up Comedy By Harsh Gujral - YouTube,@muskansingh4024,What is the meaning of this?
https://www.youtube.com/watch?v=havARbP7Fyk,B.Tech - Stand up Comedy By Harsh Gujral - YouTube,@jinwoo8061,@muskansingh4024  Arey Muskan xDDD
https://www.youtube.com/watch?v=havARbP7Fyk,B.Tech - Stand up Comedy By Harsh Gujral - YouTube,@muskansingh4024,@jinwoo8061  Matlab bata ke has lo bhai
https://www.youtube.com/watch?v=havARbP7Fyk,B.Tech - Stand up Comedy By Harsh Gujral - YouTube,@jinwoo8061,"@muskansingh4024  use ye bat pasand aayi k usne ek Puri story create ki taki vo 40 lo abhi do wali kahani complete kr sake , samjha ??"
https://www.youtube.com/watch?v=havARbP7Fyk,B.Tech - Stand up Comedy By Harsh Gujral - YouTube,@rishabhverma2277,5:53 clap
https://www.youtube.com/watch?v=havARbP7Fyk,B.Tech - Stand up Comedy By Harsh Gujral - YouTube,@romiox5452,Rahman's compositions are a symphony of emotions.
https://www.youtube.com/watch?v=havARbP7Fyk,B.Tech - Stand up Comedy By Harsh Gujral - YouTube,@mrageshsolanki3446,"Bhai India ke ladko ki video nahi sahuga 
 dil chu liya"
https://www.youtube.com/watch?v=havARbP7Fyk,B.Tech - Stand up Comedy By Harsh Gujral - YouTube,@ritikck6599,"0:45 iss baat pr to like and subscribe dono bante hai 
    #respect"
https://www.youtube.com/watch?v=havARbP7Fyk,B.Tech - Stand up Comedy By Harsh Gujral - YouTube,@piyushgangwar13,Who is watching having maths board exam on 9 March
https://www.youtube.com/watch?v=havARbP7Fyk,B.Tech - Stand up Comedy By Harsh Gujral - YouTube,@prakashp1429,Ummm the math board exam is on 11
https://www.youtube.com/watch?v=havARbP7Fyk,B.Tech - Stand up Comedy By Harsh Gujral - YouTube,@viper3840,Aaj paper he sst ka
https://www.youtube.com/watch?v=havARbP7Fyk,B.Tech - Stand up Comedy By Harsh Gujral - YouTube,@viper3840,
https://www.youtube.com/watch?v=havARbP7Fyk,B.Tech - Stand up Comedy By Harsh Gujral - YouTube,@amith6341,"Meh ,12th board maths"
https://www.youtube.com/watch?v=havARbP7Fyk,B.Tech - Stand up Comedy By Harsh Gujral - YouTube,@chandra0094,Bhai tu v
https://www.youtube.com/watch?v=havARbP7Fyk,B.Tech - Stand up Comedy By Harsh Gujral - YouTube,@anyajain124,Bhai bhai 11 ko h darao mat yaar
https://www.youtube.com/watch?v=havARbP7Fyk,B.Tech - Stand up Comedy By Harsh Gujral - YouTube,@moviesecret221,Me
https://www.youtube.com/watch?v=havARbP7Fyk,B.Tech - Stand up Comedy By Harsh Gujral - YouTube,@pin2kumarpathak607,Exam to chalte rahenge ... mastii nahi rukne chahiye
https://www.youtube.com/watch?v=havARbP7Fyk,B.Tech - Stand up Comedy By Harsh Gujral - YouTube,@vedantbhadani9923,Haan Bhai yaad Kiya kya
https://www.youtube.com/watch?v=havARbP7Fyk,B.Tech - Stand up Comedy By Harsh Gujral - YouTube,@user-xy3eu5yj7t,Bahut sahi bhai knowledge bhi di aur maaza bhi
https://www.youtube.com/watch?v=havARbP7Fyk,B.Tech - Stand up Comedy By Harsh Gujral - YouTube,@TMNOVA1,Badiya Stand up hai bhai
https://www.youtube.com/watch?v=havARbP7Fyk,B.Tech - Stand up Comedy By Harsh Gujral - YouTube,@anilkhadka3240,Best revenge dialogue@ front camera
https://www.youtube.com/watch?v=havARbP7Fyk,B.Tech - Stand up Comedy By Harsh Gujral - YouTube,@whynotbubblegum,"Stand up comedian:- coughs
Audience:- hehehahahuhuhaha"
https://www.youtube.com/watch?v=havARbP7Fyk,B.Tech - Stand up Comedy By Harsh Gujral - YouTube,@sidharth2005,This comment is more funnier than his comedy
https://www.youtube.com/watch?v=havARbP7Fyk,B.Tech - Stand up Comedy By Harsh Gujral - YouTube,@callmeaj3077,atleast this video was funny
https://www.youtube.com/watch?v=havARbP7Fyk,B.Tech - Stand up Comedy By Harsh Gujral - YouTube,@WiLDbEAsTGameSHere,jab tumhara mu hagas jaisa bana rahta ho and even then you watch standup comedy
https://www.youtube.com/watch?v=havARbP7Fyk,B.Tech - Stand up Comedy By Harsh Gujral - YouTube,@redgrapes390,Apne unfunny female comedien ke roasts ka badla le rahi hai
https://www.youtube.com/watch?v=havARbP7Fyk,B.Tech - Stand up Comedy By Harsh Gujral - YouTube,@criticize2hell764,Yeh toh funny ban gayi
https://www.youtube.com/watch?v=havARbP7Fyk,B.Tech - Stand up Comedy By Harsh Gujral - YouTube,@XdClown-dp2sz,"@sidharth2005 rly? 








Blehh"
https://www.youtube.com/watch?v=havARbP7Fyk,B.Tech - Stand up Comedy By Harsh Gujral - YouTube,@kushagravarshney7683,@sidharth2005  And your english was funnier than this comment..
https://www.youtube.com/watch?v=havARbP7Fyk,B.Tech - Stand up Comedy By Harsh Gujral - YouTube,@ajnabee8917,Fr
https://www.youtube.com/watch?v=havARbP7Fyk,B.Tech - Stand up Comedy By Harsh Gujral - YouTube,@ajnabee8917,@WiLDbEAsTGameSHere Arey bhai kehna ky chahte ho?
https://www.youtube.com/watch?v=havARbP7Fyk,B.Tech - Stand up Comedy By Harsh Gujral - YouTube,@vipinkumar89hari,"10:25  
Best line"
https://www.youtube.com/watch?v=havARbP7Fyk,B.Tech - Stand up Comedy By Harsh Gujral - YouTube,@gaenterprise9234,Yaad dila diya hostel ka Harsh Bhai ne ...
https://www.youtube.com/watch?v=havARbP7Fyk,B.Tech - Stand up Comedy By Harsh Gujral - YouTube,@itzapplecandy,Exam kis kis ka chal raha Atendence here
https://www.youtube.com/watch?v=havARbP7Fyk,B.Tech - Stand up Comedy By Harsh Gujral - YouTube,@devgusto,Hope cancel bhi ho gaya bhai
https://www.youtube.com/watch?v=havARbP7Fyk,B.Tech - Stand up Comedy By Harsh Gujral - YouTube,@rockpaxton3328,Kal exam hai copy bhi nhi Kholi pure din se
https://www.youtube.com/watch?v=havARbP7Fyk,B.Tech - Stand up Comedy By Harsh Gujral - YouTube,@_sankalpa_01,Kyu nahi ho rhi padhai
https://www.youtube.com/watch?v=havARbP7Fyk,B.Tech - Stand up Comedy By Harsh Gujral - YouTube,@devgusto,@_sankalpa_01
https://www.youtube.com/watch?v=havARbP7Fyk,B.Tech - Stand up Comedy By Harsh Gujral - YouTube,@sandeepbiswas5409,"Padhai toh kab ki khatam ho gyi, par jindagi ka exam abhi bhi chal rha hai"
https://www.youtube.com/watch?v=havARbP7Fyk,B.Tech - Stand up Comedy By Harsh Gujral - YouTube,@user-pu2eh9qg6p,Mine it's tomorrow and lol I'm  enjoying this right now. ..
https://www.youtube.com/watch?v=havARbP7Fyk,B.Tech - Stand up Comedy By Harsh Gujral - YouTube,@ARSHDEEPSINGH-nu5zd,Kuch nhi ni pddaa bhai
https://www.youtube.com/watch?v=havARbP7Fyk,B.Tech - Stand up Comedy By Harsh Gujral - YouTube,@Sanjeevyadav-fg2ik,Tere
https://www.youtube.com/watch?v=havARbP7Fyk,B.Tech - Stand up Comedy By Harsh Gujral - YouTube,@hackernet7553,
https://www.youtube.com/watch?v=havARbP7Fyk,B.Tech - Stand up Comedy By Harsh Gujral - YouTube,@mrbksinghania111,Mere 10th class ka exam hai hai yrr
https://www.youtube.com/watch?v=havARbP7Fyk,B.Tech - Stand up Comedy By Harsh Gujral - YouTube,@jayasinghrathod8683,First time iska standup pasand aaya mujhe. Mast likha bhai
https://www.youtube.com/watch?v=havARbP7Fyk,B.Tech - Stand up Comedy By Harsh Gujral - YouTube,@HISsinto,Trueee
https://www.youtube.com/watch?v=havARbP7Fyk,B.Tech - Stand up Comedy By Harsh Gujral - YouTube,@ayushjoshi591,Bhai....front camera
https://www.youtube.com/watch?v=havARbP7Fyk,B.Tech - Stand up Comedy By Harsh Gujral - YouTube,@sakshisingla9827,i really miss such era where these comedians used to rule the youtube like kings
https://www.youtube.com/watch?v=havARbP7Fyk,B.Tech - Stand up Comedy By Harsh Gujral - YouTube,@Misha_14.,14:23 Bhut sara petrol daal do 25 rupay ka
https://www.youtube.com/watch?v=havARbP7Fyk,B.Tech - Stand up Comedy By Harsh Gujral - YouTube,@alokchandel7102,"Now you are killing Gujral saab. I remember the journey, from being a bully to audience, to the entertaining Gujral. Near to perfect joke delivery, body language to make simple jokes, the most entertaining ones. Loved this performance. Cheers !!"
https://www.youtube.com/watch?v=havARbP7Fyk,B.Tech - Stand up Comedy By Harsh Gujral - YouTube,@Vaishnavi_agarwalll,"Brilliant show ! 
 Degree uchalne wala sapna , sapna hi reh gya ."
https://www.youtube.com/watch?v=havARbP7Fyk,B.Tech - Stand up Comedy By Harsh Gujral - YouTube,@jagadeeshkachchhva5013,Same here
https://www.youtube.com/watch?v=havARbP7Fyk,B.Tech - Stand up Comedy By Harsh Gujral - YouTube,@v.karthikraju5616,Lagbhag 15min lagataar haste Raha....bhut sahi hai Bhai...front camera wala reply toh gazab tha...Love u bhai...
https://www.youtube.com/watch?v=havARbP7Fyk,B.Tech - Stand up Comedy By Harsh Gujral - YouTube,@ompandey2194,4:15 is relatable for UP students
https://www.youtube.com/watch?v=havARbP7Fyk,B.Tech - Stand up Comedy By Harsh Gujral - YouTube,@Factboy0003,"Vo chod mere dost kv me padhta tha 
 bande ne degree Kari bahar Jake wapis kv me aake accountant ban gya"
https://www.youtube.com/watch?v=havARbP7Fyk,B.Tech - Stand up Comedy By Harsh Gujral - YouTube,@warriorpreetam,When he said india ke ladko ki bejatti nahi sahunga i liked and subscribed
https://www.youtube.com/watch?v=havARbP7Fyk,B.Tech - Stand up Comedy By Harsh Gujral - YouTube,@nikhilrathirathi3691,Kya baat hai yrr ek no. Comady
https://www.youtube.com/watch?v=havARbP7Fyk,B.Tech - Stand up Comedy By Harsh Gujral - YouTube,@CivilizedYouth07,"Front camera 
 line was the epic ultra  pro max"
https://www.youtube.com/watch?v=havARbP7Fyk,B.Tech - Stand up Comedy By Harsh Gujral - YouTube,@Rudeus-_-Greyrat,"Emotional Damage Done To Muskaan
..... Cheen li uski Muskaan"
https://www.youtube.com/watch?v=havARbP7Fyk,B.Tech - Stand up Comedy By Harsh Gujral - YouTube,@nitika9769,Such a lame joke
https://www.youtube.com/watch?v=havARbP7Fyk,B.Tech - Stand up Comedy By Harsh Gujral - YouTube,@MohdzenShaikh,True
https://www.youtube.com/watch?v=havARbP7Fyk,B.Tech - Stand up Comedy By Harsh Gujral - YouTube,@sandlimishra3396,"If she's a flight attendant she must be beautiful, that would be a nice joke if said to a normal girl"
https://www.youtube.com/watch?v=havARbP7Fyk,B.Tech - Stand up Comedy By Harsh Gujral - YouTube,@rohitprasad5708,"Phle 6000 ab front camera, Harsh bhai is making us proud, Brand ho gae ho aap, Jamshedpur me aapka show live dekh k bht maza aaya tha.. Keep growing and Har month 1 video upload kr dia kro, sach me maza aa gya"
https://www.youtube.com/watch?v=havARbP7Fyk,B.Tech - Stand up Comedy By Harsh Gujral - YouTube,@mynkk2820,"Thankyou for making my day 
Ô∏è"
https://www.youtube.com/watch?v=havARbP7Fyk,B.Tech - Stand up Comedy By Harsh Gujral - YouTube,@swat6436,He killed it. every second was enjoy able
https://www.youtube.com/watch?v=havARbP7Fyk,B.Tech - Stand up Comedy By Harsh Gujral - YouTube,@ramakantverma905,1:48 @madhurvirli machliyo ke saath sambhog broo.......
https://www.youtube.com/watch?v=havARbP7Fyk,B.Tech - Stand up Comedy By Harsh Gujral - YouTube,@prashantraghuwanshi07,"B tech karne wale like kro
Boards attendance also here"
https://www.youtube.com/watch?v=havARbP7Fyk,B.Tech - Stand up Comedy By Harsh Gujral - YouTube,@Ayaanmerijaan22,Harsh bhai aap mast ho...Bhole baba aapke sath hamesha rahe
https://www.youtube.com/watch?v=havARbP7Fyk,B.Tech - Stand up Comedy By Harsh Gujral - YouTube,@yashfidelis5373,Bhai shuruwat mein hi Dil Jeet liya
https://www.youtube.com/watch?v=havARbP7Fyk,B.Tech - Stand up Comedy By Harsh Gujral - YouTube,@Tawheed-Nabi,7:38 40 lo abhi do
https://www.youtube.com/watch?v=havARbP7Fyk,B.Tech - Stand up Comedy By Harsh Gujral - YouTube,@sahebveersingh08,Matlab kya tha Bhai?
https://www.youtube.com/watch?v=havARbP7Fyk,B.Tech - Stand up Comedy By Harsh Gujral - YouTube,@mdsam1210,"13:07 aapne waqakal padhi n waqil banoge, someone started shouting for Basssi"
https://www.youtube.com/watch?v=havARbP7Fyk,B.Tech - Stand up Comedy By Harsh Gujral - YouTube,@Mr.Indestructible007,Bahot khub ...
https://www.youtube.com/watch?v=havARbP7Fyk,B.Tech - Stand up Comedy By Harsh Gujral - YouTube,@debasishkumarbehera3046,Ek no. Bhai front camera
https://www.youtube.com/watch?v=havARbP7Fyk,B.Tech - Stand up Comedy By Harsh Gujral - YouTube,@anirudh323,4:19 Supreme Leader in the chat guyss!
https://www.youtube.com/watch?v=havARbP7Fyk,B.Tech - Stand up Comedy By Harsh Gujral - YouTube,@yogeshchandan644,"Front camera punch 
 no one can roast audience better than harsh"
https://www.youtube.com/watch?v=havARbP7Fyk,B.Tech - Stand up Comedy By Harsh Gujral - YouTube,@studenthelp3908,Lovely bhai. Superb.
https://www.youtube.com/watch?v=havARbP7Fyk,B.Tech - Stand up Comedy By Harsh Gujral - YouTube,@sundersingh2987,"Aya toh tha dekhne ke isme ayisa bhi kya hai jo log kehte hai ke yeh lethal troll karta hai par the moment I heard ""India ke mardon ki beizzati nahi sahunga mai"", bhai ne Dil Jeet Liya. 
üáÆüá≥
I hope yeh aage jaakar dusre aanduon ki tarah character nahi badal lega!"
https://www.youtube.com/watch?v=havARbP7Fyk,B.Tech - Stand up Comedy By Harsh Gujral - YouTube,@vishalsharma-xz1lb,0:50 best
https://www.youtube.com/watch?v=havARbP7Fyk,B.Tech - Stand up Comedy By Harsh Gujral - YouTube,@prashikk3800,"Ladki- Foreigners are good looking
Harsh -Aapne kabhi front camera khola hai?
ye punchline ne dil jeet liya bhai
Ô∏è"
https://www.youtube.com/watch?v=havARbP7Fyk,B.Tech - Stand up Comedy By Harsh Gujral - YouTube,@Yatrimode,
https://www.youtube.com/watch?v=havARbP7Fyk,B.Tech - Stand up Comedy By Harsh Gujral - YouTube,@Kartikktales,Ladki toh hot hoti he hai ...kas kr air hostage
https://www.youtube.com/watch?v=havARbP7Fyk,B.Tech - Stand up Comedy By Harsh Gujral - YouTube,@knowladge953,Plz explain this joke mujhe samjh nahi Aya
https://www.youtube.com/watch?v=havARbP7Fyk,B.Tech - Stand up Comedy By Harsh Gujral - YouTube,@rishadmaster1649,"Fantastic buddy. 
U r amazing"
https://www.youtube.com/watch?v=havARbP7Fyk,B.Tech - Stand up Comedy By Harsh Gujral - YouTube,@valulsagar1491,What fantastic stand up comedy
https://www.youtube.com/watch?v=havARbP7Fyk,B.Tech - Stand up Comedy By Harsh Gujral - YouTube,@mohitrawat1510,10:59 m itna khush lacture bunk karke sath m lag jata tha
https://www.youtube.com/watch?v=havARbP7Fyk,B.Tech - Stand up Comedy By Harsh Gujral - YouTube,@SagarMahat085,7:30 Citylights
https://www.youtube.com/watch?v=havARbP7Fyk,B.Tech - Stand up Comedy By Harsh Gujral - YouTube,@WhattTheDeuce,1000 le lo pr Aaj hi de do
https://www.youtube.com/watch?v=havARbP7Fyk,B.Tech - Stand up Comedy By Harsh Gujral - YouTube,@bumblebee2956,"First time
 really good
unique voice and script"
https://www.youtube.com/watch?v=havARbP7Fyk,B.Tech - Stand up Comedy By Harsh Gujral - YouTube,@narsinhnandava4478,Incredible Bro...keep it up....
https://www.youtube.com/watch?v=havARbP7Fyk,B.Tech - Stand up Comedy By Harsh Gujral - YouTube,@romakukreja36,"This guy 
 Bassi se zyada rank thi 
 Loved it yaarrr"
https://www.youtube.com/watch?v=havARbP7Fyk,B.Tech - Stand up Comedy By Harsh Gujral - YouTube,@mdismaeeldarbar9564,"Harsh : Bhai 20 rupya do kl le lena
Rathee and Bathee: ye 40 rupya lo aur abhi do"
https://www.youtube.com/watch?v=havARbP7Fyk,B.Tech - Stand up Comedy By Harsh Gujral - YouTube,@EgoShorts,15:52
https://www.youtube.com/watch?v=havARbP7Fyk,B.Tech - Stand up Comedy By Harsh Gujral - YouTube,@vardanrathi7777,Waah bhai....kya joke mara! Suna suna lag raha hai
https://www.youtube.com/watch?v=havARbP7Fyk,B.Tech - Stand up Comedy By Harsh Gujral - YouTube,@mridulahmed8802,Pure story pure comedy.
https://www.youtube.com/watch?v=havARbP7Fyk,B.Tech - Stand up Comedy By Harsh Gujral - YouTube,@mithunnair8587,Gujral saab maza aa gya
https://www.youtube.com/watch?v=havARbP7Fyk,B.Tech - Stand up Comedy By Harsh Gujral - YouTube,@lalani6882,"Only legend can understand paste 
 
6:44"
https://www.youtube.com/watch?v=havARbP7Fyk,B.Tech - Stand up Comedy By Harsh Gujral - YouTube,@suhaibQurashie,an engineer can do everything except engineering
https://www.youtube.com/watch?v=havARbP7Fyk,B.Tech - Stand up Comedy By Harsh Gujral - YouTube,@anupamprudent,Truly amazing
https://www.youtube.com/watch?v=havARbP7Fyk,B.Tech - Stand up Comedy By Harsh Gujral - YouTube,@LearnEd.,"Hello, Ji! Padhai kyu nahi ho rahi? Kyunki aap log humare channel par aakar free videos nahi dekh rahe! Chalo, jaldi jaldi aao aur notes banao. Exam bagal mein aa gaya hai!"
https://www.youtube.com/watch?v=havARbP7Fyk,B.Tech - Stand up Comedy By Harsh Gujral - YouTube,@sanurajput02,"‡§∏‡§´‡§≤‡§§‡§æ ‡§ï‡•Ä ‡§∏‡•Ä‡§¢‡§º‡•Ä 502 ‡§™‡§§‡§æ‡§ï‡§æ ‡§¨‡•Ä‡§°‡§º‡•Ä 
 13:53"
https://www.youtube.com/watch?v=havARbP7Fyk,B.Tech - Stand up Comedy By Harsh Gujral - YouTube,@shubhamlipane3148,13:20 so true
https://www.youtube.com/watch?v=havARbP7Fyk,B.Tech - Stand up Comedy By Harsh Gujral - YouTube,@Anonymous-go1ye,"maggi  wale se jealous 
 real one"
https://www.youtube.com/watch?v=havARbP7Fyk,B.Tech - Stand up Comedy By Harsh Gujral - YouTube,@mynkk2820,That papa wala was great
https://www.youtube.com/watch?v=havARbP7Fyk,B.Tech - Stand up Comedy By Harsh Gujral - YouTube,@Tawheed-Nabi,0:15 the accent ohhh
https://www.youtube.com/watch?v=havARbP7Fyk,B.Tech - Stand up Comedy By Harsh Gujral - YouTube,@mattparker4068,"Bhai Harsh bhai.. Ek number 
 You are cut above the rest.
Love your dialogues delivery.
Pls Continue bringing such acts"
https://www.youtube.com/watch?v=havARbP7Fyk,B.Tech - Stand up Comedy By Harsh Gujral - YouTube,@uziking15,8:43 ha mechanical branch
https://www.youtube.com/watch?v=havARbP7Fyk,B.Tech - Stand up Comedy By Harsh Gujral - YouTube,@libin15mathews,"Harsh Gujral every standup has Damn good repeat value, Harsh Bhai plz return to the Madness Machange show missed you in the 10th & 11th episode, we watch SonyTv only for your Show. Have tweeted several times to @Sonytv to bring a roast comedy show with you. Plz don't quit the show"
https://www.youtube.com/watch?v=havARbP7Fyk,B.Tech - Stand up Comedy By Harsh Gujral - YouTube,@ethicalgaming4349,3:23 which company??
https://www.youtube.com/watch?v=havARbP7Fyk,B.Tech - Stand up Comedy By Harsh Gujral - YouTube,@the_poet1704,"Really very good 
 aap ne toh engineer's ki reality logo ke samne la diii"
https://www.youtube.com/watch?v=havARbP7Fyk,B.Tech - Stand up Comedy By Harsh Gujral - YouTube,@aakashlakhia112,best of harsh till now
https://www.youtube.com/watch?v=havARbP7Fyk,B.Tech - Stand up Comedy By Harsh Gujral - YouTube,@adityaborgohain5789,"Wahh bhai, mazza aa gaya!!!"
https://www.youtube.com/watch?v=havARbP7Fyk,B.Tech - Stand up Comedy By Harsh Gujral - YouTube,@AnExperiencer78,2:20 I literally checked my playback speed
https://www.youtube.com/watch?v=havARbP7Fyk,B.Tech - Stand up Comedy By Harsh Gujral - YouTube,@subalanaik6936,My laughing is not stopping till video finish.........
https://www.youtube.com/watch?v=havARbP7Fyk,B.Tech - Stand up Comedy By Harsh Gujral - YouTube,@Abhi1876,Starting me hi bum phod diya
https://www.youtube.com/watch?v=havARbP7Fyk,B.Tech - Stand up Comedy By Harsh Gujral - YouTube,@rajchauhan2907,0:55 What a punch timing...
https://www.youtube.com/watch?v=havARbP7Fyk,B.Tech - Stand up Comedy By Harsh Gujral - YouTube,@rahularora2506,"very strange, and disappointed, had seen the show in dwarka recently, there was a girl sitting next to me ""from air india"" who doesn't like Indian boys. 
Did not expect this @harsh Gujral"
https://www.youtube.com/watch?v=havARbP7Fyk,B.Tech - Stand up Comedy By Harsh Gujral - YouTube,@ram.4658.,@rahularora2506  why disappointed?
https://www.youtube.com/watch?v=havARbP7Fyk,B.Tech - Stand up Comedy By Harsh Gujral - YouTube,@rahularora2506,"@ram.4658.  as it means they plant their own people in the crowd, this was fun because we thought that it was his timing and wit when it was clearly not."
https://www.youtube.com/watch?v=havARbP7Fyk,B.Tech - Stand up Comedy By Harsh Gujral - YouTube,@ram.4658.,"@rahularora2506  ooooo slowly i am getting this ,so this is the actual reason behind debasing of indian comic culture......
Thanks man i never ever attended standup shows irl so i was kinda unaware of the fact , but i believe there are some good comedians there who don't troll his audience in a bad manner"
https://www.youtube.com/watch?v=havARbP7Fyk,B.Tech - Stand up Comedy By Harsh Gujral - YouTube,@theuniqueboytanmay8625,@rahularora2506 you were there?
https://www.youtube.com/watch?v=havARbP7Fyk,B.Tech - Stand up Comedy By Harsh Gujral - YouTube,@rahularora2506,"@theuniqueboytanmay8625 yes, was there for the delhi show"
https://www.youtube.com/watch?v=havARbP7Fyk,B.Tech - Stand up Comedy By Harsh Gujral - YouTube,@theuniqueboytanmay8625,@rahularora2506  means show is scripted?
https://www.youtube.com/watch?v=havARbP7Fyk,B.Tech - Stand up Comedy By Harsh Gujral - YouTube,@Keshav-nv6qe,14:10 mathura
https://www.youtube.com/watch?v=havARbP7Fyk,B.Tech - Stand up Comedy By Harsh Gujral - YouTube,@GoliBamTwentyfour,"Harsh bhai, as usual, enjoying his jokes more than the audience"
https://www.youtube.com/watch?v=havARbP7Fyk,B.Tech - Stand up Comedy By Harsh Gujral - YouTube,@minakumari9866,that front camera line made me subscribed to his channel right at that moment
https://www.youtube.com/watch?v=havARbP7Fyk,B.Tech - Stand up Comedy By Harsh Gujral - YouTube,@ManishShukla2304,Fun Fact : Who Are All Watching This Video While Lying On Bed
https://www.youtube.com/watch?v=havARbP7Fyk,B.Tech - Stand up Comedy By Harsh Gujral - YouTube,@user-pd2nu4hp7c,Thats a question not a fun fact
https://www.youtube.com/watch?v=havARbP7Fyk,B.Tech - Stand up Comedy By Harsh Gujral - YouTube,@only0048,No I am watching these videos while
https://www.youtube.com/watch?v=havARbP7Fyk,B.Tech - Stand up Comedy By Harsh Gujral - YouTube,@sultanzuhaib7439,@user-pd2nu4hp7c sahi me
https://www.youtube.com/watch?v=havARbP7Fyk,B.Tech - Stand up Comedy By Harsh Gujral - YouTube,@sultanzuhaib7439,Abe puchra hai ya batara hai
https://www.youtube.com/watch?v=havARbP7Fyk,B.Tech - Stand up Comedy By Harsh Gujral - YouTube,@sk-qq1rk,With your mom
https://www.youtube.com/watch?v=havARbP7Fyk,B.Tech - Stand up Comedy By Harsh Gujral - YouTube,@raghavroy7412,True
https://www.youtube.com/watch?v=havARbP7Fyk,B.Tech - Stand up Comedy By Harsh Gujral - YouTube,@SUPERSANATANI1745,I'm not
https://www.youtube.com/watch?v=havARbP7Fyk,B.Tech - Stand up Comedy By Harsh Gujral - YouTube,@Anuj_shah2106,"0:46 this is the best
Love you bhaii"
https://www.youtube.com/watch?v=havARbP7Fyk,B.Tech - Stand up Comedy By Harsh Gujral - YouTube,@techgarage7898,khatarnak bhaiiiiiiii
https://www.youtube.com/watch?v=havARbP7Fyk,B.Tech - Stand up Comedy By Harsh Gujral - YouTube,@piyupatel113,"i am a girl but fir bhi appreciate your sentence bhai... 
 aap ne kabhi front camera khola hai!!??  bhai maza aa gaya ye sentence sunn ke  India k ladke foreign k ladko se kahi jyada good looking hai"
https://www.youtube.com/watch?v=havARbP7Fyk,B.Tech - Stand up Comedy By Harsh Gujral - YouTube,@Th_common_man,"2:24 by god ye comedy karta hai to lagta hai rap kar raha 
Comedy+rap = what a combo"
https://www.youtube.com/watch?v=havARbP7Fyk,B.Tech - Stand up Comedy By Harsh Gujral - YouTube,@nishasingh,"These guys excudes such a positive energy that they trends to lift everyone's spirits...
Ô∏è"
https://www.youtube.com/watch?v=havARbP7Fyk,B.Tech - Stand up Comedy By Harsh Gujral - YouTube,@harmeetsingh8432,Superb man superbbbbb
https://www.youtube.com/watch?v=havARbP7Fyk,B.Tech - Stand up Comedy By Harsh Gujral - YouTube,@ShrutiEbony,"Someone : How to crack a good joke
Harsh : Just insult the audience"
https://www.youtube.com/watch?v=havARbP7Fyk,B.Tech - Stand up Comedy By Harsh Gujral - YouTube,@VishnuKumar-ih3pt,6:35  hostel ke ladke subah 4 baje uthkar sharab se kulla karte hai
https://www.youtube.com/watch?v=havARbP7Fyk,B.Tech - Stand up Comedy By Harsh Gujral - YouTube,@tusharstenographer704,10:48 apni khad apni kheti
https://www.youtube.com/watch?v=havARbP7Fyk,B.Tech - Stand up Comedy By Harsh Gujral - YouTube,@yskproductions8188,Amazing bro loved it
https://www.youtube.com/watch?v=havARbP7Fyk,B.Tech - Stand up Comedy By Harsh Gujral - YouTube,@pramodpaudel990,harsh you explained engineering in the best way possible.
https://www.youtube.com/watch?v=havARbP7Fyk,B.Tech - Stand up Comedy By Harsh Gujral - YouTube,@sunnysurya1466,"Yrr bhai Aapki video dekh ke lagta h ki ab bas ab life me koi tension nahi h jo hai yahi h 
 I LOVE YOU
 HARSH BHAI"
https://www.youtube.com/watch?v=havARbP7Fyk,B.Tech - Stand up Comedy By Harsh Gujral - YouTube,@YashBhardwaj1,"1:02 bhai sahi mie, bejati nhi apan logo ki."
https://www.youtube.com/watch?v=havARbP7Fyk,B.Tech - Stand up Comedy By Harsh Gujral - YouTube,@Saksham460,Bdiya bhai bdiya .
https://www.youtube.com/watch?v=havARbP7Fyk,B.Tech - Stand up Comedy By Harsh Gujral - YouTube,@mayurchhajed,"Bhai, sab log has rahe the....but aapne jo bhi bola sab ek engineer ki life ka sach he"
https://www.youtube.com/watch?v=havARbP7Fyk,B.Tech - Stand up Comedy By Harsh Gujral - YouTube,@MANISH_PATEL007.,12:50 Doctor
https://www.youtube.com/watch?v=havARbP7Fyk,B.Tech - Stand up Comedy By Harsh Gujral - YouTube,@agnidipsarkar5862,"This was awesome ""apne kabhi front camera khula hain"""
https://www.youtube.com/watch?v=havARbP7Fyk,B.Tech - Stand up Comedy By Harsh Gujral - YouTube,@knowladge953,Plz explain
https://www.youtube.com/watch?v=havARbP7Fyk,B.Tech - Stand up Comedy By Harsh Gujral - YouTube,@thecritiquer9407,she meant foreign men not women
https://www.youtube.com/watch?v=havARbP7Fyk,B.Tech - Stand up Comedy By Harsh Gujral - YouTube,@explorewithragini,"Great comedian and Great actor too 
Ô∏è"
https://www.youtube.com/watch?v=havARbP7Fyk,B.Tech - Stand up Comedy By Harsh Gujral - YouTube,@RakeshRoshan295,starting humaliation was awesome....she deserves that
https://www.youtube.com/watch?v=havARbP7Fyk,B.Tech - Stand up Comedy By Harsh Gujral - YouTube,@happy3207,Love you bhai for making us laugh
https://www.youtube.com/watch?v=havARbP7Fyk,B.Tech - Stand up Comedy By Harsh Gujral - YouTube,@praveensingh5313,"Kaun kaun B. Tech kar raha hai
 /(Raise your hand) /"
https://www.youtube.com/watch?v=havARbP7Fyk,B.Tech - Stand up Comedy By Harsh Gujral - YouTube,@darkgriffon14,2:41 was just sooo good and on point XD
https://www.youtube.com/watch?v=havARbP7Fyk,B.Tech - Stand up Comedy By Harsh Gujral - YouTube,@TechnicalBhatig,"This video had me laughing so hard, I almost fell off my chair!"
https://www.youtube.com/watch?v=havARbP7Fyk,B.Tech - Stand up Comedy By Harsh Gujral - YouTube,@aishwaryagaur1500,"Love this man 
Ô∏è"
https://www.youtube.com/watch?v=havARbP7Fyk,B.Tech - Stand up Comedy By Harsh Gujral - YouTube,@user-wx3zd5ck8p,"13:58 bike joke 
Pure nostalgia"
https://www.youtube.com/watch?v=havARbP7Fyk,B.Tech - Stand up Comedy By Harsh Gujral - YouTube,@AmitSharma-xe1tv,Very nice.. finally you start doing pure comedy act instead of lots of roasting... Good Keep it up buddy
https://www.youtube.com/watch?v=havARbP7Fyk,B.Tech - Stand up Comedy By Harsh Gujral - YouTube,@shahidmeir7379,Brilliantly written.
https://www.youtube.com/watch?v=havARbP7Fyk,B.Tech - Stand up Comedy By Harsh Gujral - YouTube,@navinkumarsahni94,"BEST COMEDY, HARSH"
https://www.youtube.com/watch?v=havARbP7Fyk,B.Tech - Stand up Comedy By Harsh Gujral - YouTube,@aasthapal8981,I love how he connected the dots of all the jokes ... Mtlb purane jokes utha ke fir se sunana...
https://www.youtube.com/watch?v=havARbP7Fyk,B.Tech - Stand up Comedy By Harsh Gujral - YouTube,@CivilEngineerShubhamGupta,Uptu / AKTU wale like krE.
https://www.youtube.com/watch?v=havARbP7Fyk,B.Tech - Stand up Comedy By Harsh Gujral - YouTube,@amandebnath2593,First one minute is GOATED
https://www.youtube.com/watch?v=havARbP7Fyk,B.Tech - Stand up Comedy By Harsh Gujral - YouTube,@The_Reverb_Room,"There's a song that always takes me back to a moment lost in time, a memory painted in sound. But then, I discovered its echo in a different dimension - slowed, reverbed, and utterly captivating. This is what The Reverb Room is all about. Transforming melodies into memories, notes into nostalgia. If this resonates with you, you're not alone. Let's explore these soundscapes together."
https://www.youtube.com/watch?v=havARbP7Fyk,B.Tech - Stand up Comedy By Harsh Gujral - YouTube,@sudhakarmishra825,"Every holster and engineer can relate brother 
 cha gye guru aap"
https://www.youtube.com/watch?v=havARbP7Fyk,B.Tech - Stand up Comedy By Harsh Gujral - YouTube,@riteshwadhwani4903,Bhai bahut zabardast! Khoop zor zor se hasa
https://www.youtube.com/watch?v=havARbP7Fyk,B.Tech - Stand up Comedy By Harsh Gujral - YouTube,@deekshaagrawal3680,bhai faadu comedy thi yr maza aagaya
https://www.youtube.com/watch?v=havARbP7Fyk,B.Tech - Stand up Comedy By Harsh Gujral - YouTube,@shrustikapse5661,Amazing workkkkk
https://www.youtube.com/watch?v=havARbP7Fyk,B.Tech - Stand up Comedy By Harsh Gujral - YouTube,@avigarg7859,"9:29, sb harsh ke dukh mein beer pee rhe hai"
https://www.youtube.com/watch?v=havARbP7Fyk,B.Tech - Stand up Comedy By Harsh Gujral - YouTube,@Harshkemvlogs,"Diesel dalwa laya is very funny 
 god bless you gujral 
Ô∏è"
https://www.youtube.com/watch?v=havARbP7Fyk,B.Tech - Stand up Comedy By Harsh Gujral - YouTube,@MathsMadeEasyByAnjali,"Non stop fun ,, epic video"
https://www.youtube.com/watch?v=havARbP7Fyk,B.Tech - Stand up Comedy By Harsh Gujral - YouTube,@syedhassanraza145,"""Papa pechy ho jao, ye larai ab meri hai."" 7:42 
Epic show"
https://www.youtube.com/watch?v=havARbP7Fyk,B.Tech - Stand up Comedy By Harsh Gujral - YouTube,@ayushranjanmohanty9435,Kya baat hai 3:40
https://www.youtube.com/watch?v=havARbP7Fyk,B.Tech - Stand up Comedy By Harsh Gujral - YouTube,@numakarki6064,Please upload more videos ‚Ä¶. We need this laughter medicine
https://www.youtube.com/watch?v=havARbP7Fyk,B.Tech - Stand up Comedy By Harsh Gujral - YouTube,@PriyanshuKumar-tn3zd,3:17 confidence of girls
https://www.youtube.com/watch?v=havARbP7Fyk,B.Tech - Stand up Comedy By Harsh Gujral - YouTube,@sandipankumar7833,"Har video mein Harsh ka Bapuji hi Bali ka Bakra banta hai
 penchow"
https://www.youtube.com/watch?v=havARbP7Fyk,B.Tech - Stand up Comedy By Harsh Gujral - YouTube,@user-br8hi9vt8q,‡§Æ‡•Å‡§∏‡•ç‡§ï‡§æ‡§® ‡§ï‡•Ä ‡§Æ‡•Å‡§∏‡•ç‡§ï‡§æ‡§® ‡§∏‡§ö ‡§Æ‡•á‡§Ç ‡§ö‡§≤‡•Ä ‡§ó‡§à
https://www.youtube.com/watch?v=havARbP7Fyk,B.Tech - Stand up Comedy By Harsh Gujral - YouTube,@vivekyadav8024,Mechanical engineering attendance here...
https://www.youtube.com/watch?v=havARbP7Fyk,B.Tech - Stand up Comedy By Harsh Gujral - YouTube,@ershowsup,"Bhabi kya kar rahi hogi, air India me job kar rahi hogi.. This reply to that girl"
https://www.youtube.com/watch?v=havARbP7Fyk,B.Tech - Stand up Comedy By Harsh Gujral - YouTube,@Flame-ve2eg,I didn't even complete my btech but I feel your pain harsh Bhai
https://www.youtube.com/watch?v=havARbP7Fyk,B.Tech - Stand up Comedy By Harsh Gujral - YouTube,@anukritism,The front camera comeback was brilliant
https://www.youtube.com/watch?v=havARbP7Fyk,B.Tech - Stand up Comedy By Harsh Gujral - YouTube,@ZZ-ui5fy,0:40 bts army wali hogi
https://www.youtube.com/watch?v=havARbP7Fyk,B.Tech - Stand up Comedy By Harsh Gujral - YouTube,@ashishrajpoot7185,I‚Äôll keep supporting you till the end brother‚Ä¶ no matter mine or yours
https://www.youtube.com/watch?v=havARbP7Fyk,B.Tech - Stand up Comedy By Harsh Gujral - YouTube,,loved it xx
https://www.youtube.com/watch?v=havARbP7Fyk,B.Tech - Stand up Comedy By Harsh Gujral - YouTube,@DeepikaSingh-ux1un,"You always rock bro 
We are engineering we do anything"
https://www.youtube.com/watch?v=havARbP7Fyk,B.Tech - Stand up Comedy By Harsh Gujral - YouTube,@vanshdahiya8810,After a long time finally some content instead of crowd works
https://www.youtube.com/watch?v=havARbP7Fyk,B.Tech - Stand up Comedy By Harsh Gujral - YouTube,@sparshbful,Oh Fuck! The flight attendant got roasted so hard!!! Front camera khola hai xD
https://www.youtube.com/watch?v=havARbP7Fyk,B.Tech - Stand up Comedy By Harsh Gujral - YouTube,@itsanchalofficial0097,Ek number
https://www.youtube.com/watch?v=havARbP7Fyk,B.Tech - Stand up Comedy By Harsh Gujral - YouTube,@khanabdulqadir22,"8:28 ye baat sach h bhai 
mujh bhi laga tha police bhi btech karahi h"
https://www.youtube.com/watch?v=havARbP7Fyk,B.Tech - Stand up Comedy By Harsh Gujral - YouTube,@daksh999yt7,Bassi 2.5 lakh rank & harsh 4 lakh rank
https://www.youtube.com/watch?v=havARbP7Fyk,B.Tech - Stand up Comedy By Harsh Gujral - YouTube,@romiox5452,Rahman's compositions are a work of art.
https://www.youtube.com/watch?v=havARbP7Fyk,B.Tech - Stand up Comedy By Harsh Gujral - YouTube,@siddharthparabofficials...4314,Muskan ki shin liye kisne ..best line
https://www.youtube.com/watch?v=havARbP7Fyk,B.Tech - Stand up Comedy By Harsh Gujral - YouTube,@kashishbindal05,7:25
https://www.youtube.com/watch?v=havARbP7Fyk,B.Tech - Stand up Comedy By Harsh Gujral - YouTube,@Satyam.vats09,Hey kashish......
https://www.youtube.com/watch?v=havARbP7Fyk,B.Tech - Stand up Comedy By Harsh Gujral - YouTube,@Xp-Sam,Bhai ek baar ke liye toh maine check kiya hai ki video 1.25x pe chal rahi kya
https://www.youtube.com/watch?v=havARbP7Fyk,B.Tech - Stand up Comedy By Harsh Gujral - YouTube,@himanshuchand1042,Han yr check to mne bhi Kiya wakai 1.25x pe chal ri but Tu Kar ke dikha to manu standup @Xp-Sam
https://www.youtube.com/watch?v=havARbP7Fyk,B.Tech - Stand up Comedy By Harsh Gujral - YouTube,@Sciencewithjc,Worth watching.... mast
https://www.youtube.com/watch?v=havARbP7Fyk,B.Tech - Stand up Comedy By Harsh Gujral - YouTube,@somnathgupta155,my like for the line ‚Äúapne kabhi front camera khola hai ‚Äú
https://www.youtube.com/watch?v=havARbP7Fyk,B.Tech - Stand up Comedy By Harsh Gujral - YouTube,@RJ-29DEVENDRA-BAIRWA-BANDIKUI.,Kon kon CIVIL engineer dekh rha hai
https://www.youtube.com/watch?v=havARbP7Fyk,B.Tech - Stand up Comedy By Harsh Gujral - YouTube,@KINGFF-qy5te,ü´∂
https://www.youtube.com/watch?v=havARbP7Fyk,B.Tech - Stand up Comedy By Harsh Gujral - YouTube,@rahulrohilla9420,
https://www.youtube.com/watch?v=havARbP7Fyk,B.Tech - Stand up Comedy By Harsh Gujral - YouTube,@civilsajid1267,I'm
https://www.youtube.com/watch?v=havARbP7Fyk,B.Tech - Stand up Comedy By Harsh Gujral - YouTube,@friends.automobiles,
https://www.youtube.com/watch?v=havARbP7Fyk,B.Tech - Stand up Comedy By Harsh Gujral - YouTube,@HimanshuKumar-he7mx,
https://www.youtube.com/watch?v=havARbP7Fyk,B.Tech - Stand up Comedy By Harsh Gujral - YouTube,@GamingEmpireX628,I am a pursuing BTech in civil engineering branch
https://www.youtube.com/watch?v=havARbP7Fyk,B.Tech - Stand up Comedy By Harsh Gujral - YouTube,@mrup097,
https://www.youtube.com/watch?v=havARbP7Fyk,B.Tech - Stand up Comedy By Harsh Gujral - YouTube,@MathematicallySound_ASIF,Electrical here
https://www.youtube.com/watch?v=havARbP7Fyk,B.Tech - Stand up Comedy By Harsh Gujral - YouTube,@brokenalok342,I m here bro
https://www.youtube.com/watch?v=havARbP7Fyk,B.Tech - Stand up Comedy By Harsh Gujral - YouTube,@DharmendraSingh-sd2mc,ü´∂
https://www.youtube.com/watch?v=havARbP7Fyk,B.Tech - Stand up Comedy By Harsh Gujral - YouTube,@jaspreetsingh415,non stop ! jokes ! by far one of the bestest performance
https://www.youtube.com/watch?v=havARbP7Fyk,B.Tech - Stand up Comedy By Harsh Gujral - YouTube,@MysticRealm-ni5um,You have cracked the code to excite neuro pathways
https://www.youtube.com/watch?v=havARbP7Fyk,B.Tech - Stand up Comedy By Harsh Gujral - YouTube,@user-xy9mo4pi2f,"""kabhi front camera khola hai""
 kisi din makeup ke bina khole gi toh camera roh pade ga"
https://www.youtube.com/watch?v=havARbP7Fyk,B.Tech - Stand up Comedy By Harsh Gujral - YouTube,@abhishekfarande9672,3:30 acchi wali
https://www.youtube.com/watch?v=havARbP7Fyk,B.Tech - Stand up Comedy By Harsh Gujral - YouTube,@naynaagrawal2896,"Bhai you nailed it 
itna sach bhi ni bolna tha engineers ke liye"
https://www.youtube.com/watch?v=havARbP7Fyk,B.Tech - Stand up Comedy By Harsh Gujral - YouTube,@rajatpimpare9918,00:45 true af‚Ä¶ should actually turn on front camera
https://www.youtube.com/watch?v=havARbP7Fyk,B.Tech - Stand up Comedy By Harsh Gujral - YouTube,@theshillonggirl,"Its not looks, i think indian men are one of the best to be with for lifetime.. 
i dated foreigners and realised many gaps ‚Äî No one can beat Indian romantic man !"
https://www.youtube.com/watch?v=havARbP7Fyk,B.Tech - Stand up Comedy By Harsh Gujral - YouTube,@avann_14,Pehla esa stand up comedian dekha jo khud k jokes pe khud hi hasta h
https://www.youtube.com/watch?v=havARbP7Fyk,B.Tech - Stand up Comedy By Harsh Gujral - YouTube,@user-bq7hm9iu6c,no one can replace engineers
https://www.youtube.com/watch?v=havARbP7Fyk,B.Tech - Stand up Comedy By Harsh Gujral - YouTube,@NiteshYadav-ul4ny,13:29 really relatable
https://www.youtube.com/watch?v=havARbP7Fyk,B.Tech - Stand up Comedy By Harsh Gujral - YouTube,@shubhammeshram7113,15:33 Diploma to mera bhi pada hai collage me 2021 se...
https://www.youtube.com/watch?v=havARbP7Fyk,B.Tech - Stand up Comedy By Harsh Gujral - YouTube,@kunalsutar3946,"The most badass intro to a video. Daymn,"
https://www.youtube.com/watch?v=havARbP7Fyk,B.Tech - Stand up Comedy By Harsh Gujral - YouTube,@rudradevil,Harsh just schooled Eminem
https://www.youtube.com/watch?v=havARbP7Fyk,B.Tech - Stand up Comedy By Harsh Gujral - YouTube,@hrishikeshgokhale7428,14:16 ‡§ö‡§æ‡§ö‡§æ ‡§Ö‡§™‡§®‡•á ‡§¶‡•Ç‡§ß ‡§ï‡•Ä ‡§ö‡§æ‡§Ø ‡§¨‡§®‡§æ ‡§∞‡§π‡•á ‡§π‡•á
https://www.youtube.com/watch?v=havARbP7Fyk,B.Tech - Stand up Comedy By Harsh Gujral - YouTube,@worstmetaphor,Isse relatable cheez maie aaj tak nahi dekhi bhai
https://www.youtube.com/watch?v=havARbP7Fyk,B.Tech - Stand up Comedy By Harsh Gujral - YouTube,@Saniya.k55,"Best best
Ô∏è
Ô∏è
Ô∏è"
https://www.youtube.com/watch?v=havARbP7Fyk,B.Tech - Stand up Comedy By Harsh Gujral - YouTube,@citydahara,"Bhai dil Jeet liya apne
Ye Naya Hindustan hai, Ghar me ghus ke bezatti karenge"
https://www.youtube.com/watch?v=havARbP7Fyk,B.Tech - Stand up Comedy By Harsh Gujral - YouTube,@AyushSharma-cb5ou,Cleanest of sets
https://www.youtube.com/watch?v=havARbP7Fyk,B.Tech - Stand up Comedy By Harsh Gujral - YouTube,@29-sheetalsoni99,I was facing severe anxiety and i started watching this and rest is history
https://www.youtube.com/watch?v=havARbP7Fyk,B.Tech - Stand up Comedy By Harsh Gujral - YouTube,@tanbirahmed1644,Bohot achee haiii vaiiii
https://www.youtube.com/watch?v=havARbP7Fyk,B.Tech - Stand up Comedy By Harsh Gujral - YouTube,@foujishaab3757,gajab bejati ki bhai ne
https://www.youtube.com/watch?v=havARbP7Fyk,B.Tech - Stand up Comedy By Harsh Gujral - YouTube,@OMII_GAMING,7:02 Eminem aya tha kya iske andar yaha pe
https://www.youtube.com/watch?v=havARbP7Fyk,B.Tech - Stand up Comedy By Harsh Gujral - YouTube,@nishasingh,"""I already told you guys day by day victor and his brain is improving"
https://www.youtube.com/watch?v=havARbP7Fyk,B.Tech - Stand up Comedy By Harsh Gujral - YouTube,@BhoomikaDadhich,Maza aagaya yaaaar
https://www.youtube.com/watch?v=havARbP7Fyk,B.Tech - Stand up Comedy By Harsh Gujral - YouTube,@KunalKumar-mo7qv,"Btech MBBS 

New Rule ke hisaab se ab ho sakta hain"
https://www.youtube.com/watch?v=havARbP7Fyk,B.Tech - Stand up Comedy By Harsh Gujral - YouTube,@AdarshAgarwaL23,Amazing...literally
https://www.youtube.com/watch?v=havARbP7Fyk,B.Tech - Stand up Comedy By Harsh Gujral - YouTube,@One8commune,Long time bad maja aya dubara purana harsh gujral
https://www.youtube.com/watch?v=havARbP7Fyk,B.Tech - Stand up Comedy By Harsh Gujral - YouTube,@prachee1032,Front camera just stole the limelight
https://www.youtube.com/watch?v=havARbP7Fyk,B.Tech - Stand up Comedy By Harsh Gujral - YouTube,@sakhtlaunda5989,‡§π‡§Å‡§∏‡§§‡•á ‡§π‡§Å‡§∏‡§§‡•á ‡§ú‡§¨‡§°‡§º‡•á ‡§¶‡§∞‡•ç‡§¶ ‡§π‡•ã ‡§ó‡§è
https://www.youtube.com/watch?v=havARbP7Fyk,B.Tech - Stand up Comedy By Harsh Gujral - YouTube,@mohitsethi1175,Aapne Kabhi front camera khola hai was personal.
https://www.youtube.com/watch?v=havARbP7Fyk,B.Tech - Stand up Comedy By Harsh Gujral - YouTube,@KONKARR-ws3ce,https://youtu.be/GM-ssoBOh7w?si=ZIemS5kdaUdJVXH3
https://www.youtube.com/watch?v=havARbP7Fyk,B.Tech - Stand up Comedy By Harsh Gujral - YouTube,@monusaini7363,
https://www.youtube.com/watch?v=havARbP7Fyk,B.Tech - Stand up Comedy By Harsh Gujral - YouTube,@desirebot3035,4:00 #harshgujral u are a good comedian plz trim this part asap !!
https://www.youtube.com/watch?v=havARbP7Fyk,B.Tech - Stand up Comedy By Harsh Gujral - YouTube,@AshishDha,very clever jokes! tryly laughed out loud multiple times. thank you! bahut qhoob!
https://www.youtube.com/watch?v=havARbP7Fyk,B.Tech - Stand up Comedy By Harsh Gujral - YouTube,@AkashKumar-oo8rv,12:18 so true
https://www.youtube.com/watch?v=havARbP7Fyk,B.Tech - Stand up Comedy By Harsh Gujral - YouTube,@thrillmox,0:08
https://www.youtube.com/watch?v=havARbP7Fyk,B.Tech - Stand up Comedy By Harsh Gujral - YouTube,@Pharmamedicine,Fantastic
https://www.youtube.com/watch?v=havARbP7Fyk,B.Tech - Stand up Comedy By Harsh Gujral - YouTube,@krushnagavhane1024,14:34 Sasta pad raha tha
https://www.youtube.com/watch?v=havARbP7Fyk,B.Tech - Stand up Comedy By Harsh Gujral - YouTube,@AshokVerma-st5yp,The line 'Raj kundra' was epic
https://www.youtube.com/watch?v=havARbP7Fyk,B.Tech - Stand up Comedy By Harsh Gujral - YouTube,@user-hm8np1vt2r,B tech walo ka alag #jalwa ha
https://www.youtube.com/watch?v=havARbP7Fyk,B.Tech - Stand up Comedy By Harsh Gujral - YouTube,@siddhantverma9967,Well Written & Beautifully Delivered Script!!
https://www.youtube.com/watch?v=havARbP7Fyk,B.Tech - Stand up Comedy By Harsh Gujral - YouTube,@ll_ritik_chauhan_lI,"0% ego
0% atitude
100% hardwork
Salute this man"
https://www.youtube.com/watch?v=havARbP7Fyk,B.Tech - Stand up Comedy By Harsh Gujral - YouTube,@tanny2512,Bro awesomely done. Every engineer will relate this
https://www.youtube.com/watch?v=havARbP7Fyk,B.Tech - Stand up Comedy By Harsh Gujral - YouTube,@joydeepmohanto780,you are great bro
https://www.youtube.com/watch?v=havARbP7Fyk,B.Tech - Stand up Comedy By Harsh Gujral - YouTube,@aashichaudhary6891,I love ur work a lot
https://www.youtube.com/watch?v=havARbP7Fyk,B.Tech - Stand up Comedy By Harsh Gujral - YouTube,@CHARU_SHARMA25,Amazing
https://www.youtube.com/watch?v=havARbP7Fyk,B.Tech - Stand up Comedy By Harsh Gujral - YouTube,@nehamehra1920,Enki roasting sahan krne k liye bada dill cahiye
https://www.youtube.com/watch?v=havARbP7Fyk,B.Tech - Stand up Comedy By Harsh Gujral - YouTube,@abhishekbhaibrand7921,Yrr moj kra do bhai
https://www.youtube.com/watch?v=havARbP7Fyk,B.Tech - Stand up Comedy By Harsh Gujral - YouTube,@chikumeenakshi77,love from air India
